,T,AT
0,1847-07-01,14.091000000000001
1,1851-07-01,14.365
2,1852-07-01,14.253
3,1854-07-01,14.513
4,1855-06-01,12.956999999999999
5,1855-07-01,13.747
6,1855-08-01,13.427999999999999
7,1855-09-01,11.123
8,1856-07-01,14.263
9,1857-07-01,13.828000000000001
10,1857-08-01,13.209
11,1857-10-01,8.267
12,1858-06-01,13.270999999999999
13,1858-07-01,13.902000000000001
14,1858-08-01,13.317
15,1858-09-01,11.209
16,1858-10-01,8.859
17,1859-04-01,8.658
18,1859-08-01,13.354
19,1859-09-01,11.155999999999999
20,1859-10-01,9.004
21,1860-06-01,13.366
22,1861-06-01,13.049999999999999
23,1861-08-01,13.842
24,1862-05-01,10.904
25,1862-09-01,11.075999999999999
26,1863-05-01,11.253
27,1863-08-01,13.199
28,1865-05-01,10.933
29,1865-10-01,9.181999999999999
30,1866-06-01,12.901
31,1867-05-01,10.584999999999999
32,1867-06-01,13.437999999999999
33,1867-09-01,11.94
34,1868-06-01,13.346
35,1868-07-01,14.645000000000001
36,1868-08-01,13.856
37,1868-09-01,11.545
38,1869-09-01,12.392
39,1870-06-01,13.769
40,1870-07-01,14.618
41,1870-08-01,13.529
42,1870-09-01,11.998999999999999
43,1871-04-01,8.356
44,1871-06-01,13.116999999999999
45,1871-08-01,13.894
46,1871-09-01,11.579999999999998
47,1871-10-01,9.037999999999998
48,1872-06-01,13.051
49,1872-07-01,14.279
50,1872-08-01,13.825
51,1872-09-01,11.834
52,1872-10-01,9.048
53,1873-05-01,10.942
54,1873-06-01,13.372
55,1873-07-01,14.267000000000001
56,1873-08-01,13.784
57,1873-09-01,11.505999999999998
58,1873-10-01,9.129999999999999
59,1874-03-01,4.116
60,1874-04-01,8.133
61,1874-06-01,13.312
62,1874-07-01,14.127
63,1874-08-01,13.815
64,1874-09-01,12.129
65,1874-10-01,9.145999999999999
66,1875-03-01,4.2620000000000005
67,1875-04-01,7.544999999999999
68,1875-05-01,10.78
69,1875-06-01,13.203999999999999
70,1875-07-01,14.185
71,1875-09-01,11.274
72,1875-10-01,8.635
73,1876-04-01,8.234
74,1876-05-01,10.668
75,1876-06-01,13.16
76,1876-07-01,14.314
77,1876-08-01,13.493
78,1876-09-01,11.690999999999999
79,1876-10-01,8.968
80,1876-11-01,5.105
81,1876-12-01,2.1609999999999996
82,1877-03-01,5.345
83,1877-04-01,7.990999999999999
84,1877-06-01,13.31
85,1877-07-01,14.667
86,1877-08-01,14.188
87,1877-09-01,12.12
88,1877-10-01,9.273
89,1878-03-01,6.71
90,1878-04-01,8.92
91,1878-05-01,11.029
92,1878-06-01,13.841
93,1878-07-01,14.828000000000001
94,1878-08-01,14.184
95,1878-09-01,12.101999999999999
96,1878-10-01,9.162999999999998
97,1878-11-01,6.455
98,1878-12-01,3.3899999999999997
99,1879-03-01,5.059
100,1879-04-01,7.783999999999999
101,1879-05-01,10.876
102,1879-06-01,13.216
103,1879-07-01,14.209
104,1879-08-01,13.315
105,1879-09-01,11.479
106,1879-10-01,9.327
107,1879-11-01,5.4510000000000005
108,1880-03-01,4.36
109,1880-04-01,7.398999999999999
110,1880-05-01,10.979999999999999
111,1880-06-01,13.136
112,1880-07-01,14.127
113,1880-08-01,13.625
114,1880-09-01,11.401
115,1880-10-01,8.654
116,1880-11-01,5.767
117,1880-12-01,3.195
118,1881-02-01,2.593
119,1881-03-01,5.026
120,1881-04-01,8.325
121,1881-05-01,11.110999999999999
122,1881-06-01,12.7
123,1881-07-01,14.17
124,1881-08-01,13.778
125,1881-09-01,11.720999999999998
126,1881-10-01,8.824
127,1881-11-01,5.285
128,1881-12-01,3.267
129,1882-01-01,3.1079999999999997
130,1882-02-01,3.2720000000000002
131,1882-03-01,4.962
132,1882-04-01,7.645999999999999
133,1882-05-01,10.892
134,1882-06-01,12.873
135,1882-07-01,13.748000000000001
136,1882-08-01,13.629999999999999
137,1882-09-01,11.796999999999999
138,1882-10-01,8.511999999999999
139,1882-11-01,5.03
140,1883-01-01,1.5899999999999999
141,1883-03-01,5.05
142,1883-04-01,7.732999999999999
143,1883-05-01,10.838
144,1883-06-01,13.338
145,1883-07-01,14.011000000000001
146,1883-08-01,13.252
147,1883-09-01,11.407
148,1883-10-01,8.960999999999999
149,1883-11-01,4.998
150,1883-12-01,3.354
151,1884-01-01,2.264
152,1884-02-01,2.6430000000000002
153,1884-03-01,3.987
154,1884-04-01,7.204999999999999
155,1884-05-01,10.152
156,1884-06-01,12.552999999999999
157,1884-07-01,13.671000000000001
158,1884-08-01,13.334
159,1884-09-01,11.255999999999998
160,1884-10-01,8.562
161,1884-11-01,5.1690000000000005
162,1884-12-01,3.109
163,1885-01-01,1.18
164,1885-02-01,2.345
165,1885-03-01,4.803
166,1885-04-01,7.505999999999999
167,1885-05-01,10.529
168,1885-06-01,12.746
169,1885-07-01,14.088000000000001
170,1885-08-01,13.334999999999999
171,1885-09-01,11.396999999999998
172,1885-10-01,8.744
173,1885-11-01,5.413
174,1886-01-01,1.4959999999999998
175,1886-02-01,1.8240000000000003
176,1886-03-01,4.286
177,1886-04-01,7.9959999999999996
178,1886-05-01,10.744
179,1886-06-01,12.849
180,1886-07-01,14.249
181,1886-08-01,13.279
182,1886-09-01,11.549999999999999
183,1886-10-01,8.562
184,1886-11-01,5.266
185,1886-12-01,3.6799999999999997
186,1887-01-01,0.9039999999999999
187,1887-02-01,2.1580000000000004
188,1887-03-01,4.5920000000000005
189,1887-04-01,7.828999999999999
190,1887-05-01,10.809
191,1887-06-01,12.824
192,1887-07-01,14.079
193,1887-08-01,13.077
194,1887-09-01,11.723999999999998
195,1887-10-01,8.728
196,1887-11-01,5.633
197,1887-12-01,2.965
198,1888-01-01,1.9219999999999997
199,1888-02-01,2.1740000000000004
200,1888-03-01,4.436
201,1888-04-01,7.847999999999999
202,1888-05-01,10.67
203,1888-06-01,12.913
204,1888-07-01,14.264000000000001
205,1888-08-01,13.542
206,1888-09-01,11.748
207,1888-10-01,9.197
208,1888-11-01,5.846
209,1888-12-01,3.3819999999999997
210,1889-01-01,1.9069999999999998
211,1889-02-01,3.592
212,1889-03-01,5.37
213,1889-04-01,8.625
214,1889-05-01,11.184999999999999
215,1889-06-01,13.323
216,1889-07-01,14.269
217,1889-08-01,13.479
218,1889-09-01,11.546999999999999
219,1889-10-01,8.758999999999999
220,1889-11-01,5.042
221,1889-12-01,3.162
222,1890-01-01,1.884
223,1890-02-01,2.5060000000000002
224,1890-03-01,4.25
225,1890-04-01,7.819999999999999
226,1890-05-01,10.421999999999999
227,1890-06-01,12.822
228,1890-07-01,14.007
229,1890-08-01,13.276
230,1890-09-01,11.562
231,1890-10-01,9.149999999999999
232,1890-11-01,4.973000000000001
233,1890-12-01,2.984
234,1891-01-01,1.7049999999999998
235,1891-02-01,1.9060000000000001
236,1891-03-01,4.809
237,1891-04-01,7.670999999999999
238,1891-05-01,10.793
239,1891-06-01,12.865
240,1891-07-01,13.973
241,1891-08-01,13.512
242,1891-09-01,11.722
243,1891-10-01,8.677
244,1891-11-01,5.1370000000000005
245,1891-12-01,3.6919999999999997
246,1892-01-01,2.019
247,1892-02-01,2.806
248,1892-03-01,4.348
249,1892-04-01,7.615999999999999
250,1892-05-01,10.692
251,1892-06-01,13.274
252,1892-07-01,13.923
253,1892-08-01,13.422
254,1892-09-01,11.667
255,1892-10-01,9.216
256,1892-11-01,4.8870000000000005
257,1892-12-01,2.949
258,1893-01-01,0.5569999999999999
259,1893-02-01,1.705
260,1893-03-01,4.999
261,1893-04-01,7.990999999999999
262,1893-05-01,10.748
263,1893-06-01,13.088
264,1893-07-01,14.327
265,1893-08-01,13.471
266,1893-09-01,11.76
267,1893-10-01,9.096
268,1893-11-01,5.8420000000000005
269,1893-12-01,3.135
270,1894-01-01,1.751
271,1894-02-01,2.899
272,1894-03-01,5.089
273,1894-04-01,7.693
274,1894-05-01,10.991
275,1894-06-01,12.87
276,1894-07-01,14.108
277,1894-08-01,13.578
278,1894-09-01,11.6
279,1894-10-01,9.129999999999999
280,1894-11-01,5.49
281,1894-12-01,3.247
282,1895-01-01,1.4129999999999998
283,1895-02-01,2.1340000000000003
284,1895-03-01,4.7010000000000005
285,1895-04-01,8.229999999999999
286,1895-05-01,10.942
287,1895-06-01,13.099
288,1895-07-01,14.187000000000001
289,1895-08-01,13.56
290,1895-09-01,11.784999999999998
291,1895-10-01,9.139999999999999
292,1895-11-01,5.867
293,1895-12-01,3.516
294,1896-01-01,2.388
295,1896-02-01,2.809
296,1896-03-01,4.293
297,1896-04-01,7.444999999999999
298,1896-05-01,10.889
299,1896-06-01,13.312999999999999
300,1896-07-01,14.25
301,1896-08-01,13.7
302,1896-09-01,11.834999999999999
303,1896-10-01,9.442
304,1896-11-01,5.368
305,1896-12-01,3.3739999999999997
306,1897-01-01,2.019
307,1897-02-01,2.545
308,1897-03-01,4.379
309,1897-04-01,8.309999999999999
310,1897-05-01,11.399999999999999
311,1897-06-01,13.283
312,1897-07-01,14.273
313,1897-08-01,13.66
314,1897-09-01,11.937999999999999
315,1897-10-01,9.253
316,1897-11-01,5.744000000000001
317,1897-12-01,3.324
318,1898-01-01,2.862
319,1898-02-01,2.466
320,1898-03-01,3.8049999999999997
321,1898-04-01,7.8999999999999995
322,1898-05-01,10.831999999999999
323,1898-06-01,13.387
324,1898-07-01,14.08
325,1898-08-01,13.564
326,1898-09-01,11.732
327,1898-10-01,8.792
328,1898-11-01,5.498
329,1898-12-01,3.538
330,1899-01-01,2.685
331,1899-02-01,2.476
332,1899-03-01,4.678
333,1899-04-01,8.369
334,1899-05-01,11.1
335,1899-06-01,12.98
336,1899-07-01,14.21
337,1899-08-01,13.761
338,1899-09-01,12.123
339,1899-10-01,9.363999999999999
340,1899-11-01,6.603000000000001
341,1899-12-01,3.1229999999999998
342,1900-01-01,1.64
343,1900-02-01,3.1980000000000004
344,1900-03-01,5.551
345,1900-04-01,8.254
346,1900-05-01,11.472999999999999
347,1900-06-01,13.371
348,1900-07-01,14.204
349,1900-08-01,13.805
350,1900-09-01,11.975
351,1900-10-01,9.693999999999999
352,1900-11-01,5.831
353,1900-12-01,3.782
354,1901-01-01,2.2479999999999998
355,1901-02-01,3.212
356,1901-03-01,5.664
357,1901-04-01,8.588999999999999
358,1901-05-01,11.190999999999999
359,1901-06-01,13.411
360,1901-07-01,14.338000000000001
361,1901-08-01,13.834
362,1901-09-01,11.937999999999999
363,1901-10-01,9.017
364,1901-11-01,5.993
365,1901-12-01,3.4739999999999998
366,1902-01-01,2.707
367,1902-02-01,3.6550000000000002
368,1902-03-01,4.906
369,1902-04-01,8.011
370,1902-05-01,10.902
371,1902-06-01,13.244
372,1902-07-01,14.213000000000001
373,1902-08-01,13.563
374,1902-09-01,11.719999999999999
375,1902-10-01,8.777
376,1902-11-01,5.283
377,1902-12-01,2.809
378,1903-01-01,2.5629999999999997
379,1903-02-01,3.556
380,1903-03-01,5.0
381,1903-04-01,7.889999999999999
382,1903-05-01,10.802999999999999
383,1903-06-01,12.863999999999999
384,1903-07-01,13.983
385,1903-08-01,13.408
386,1903-09-01,11.427
387,1903-10-01,8.802
388,1903-11-01,5.582000000000001
389,1903-12-01,2.989
390,1904-01-01,1.8019999999999998
391,1904-02-01,2.383
392,1904-03-01,4.566
393,1904-04-01,7.719999999999999
394,1904-05-01,10.84
395,1904-06-01,12.964
396,1904-07-01,13.783000000000001
397,1904-08-01,13.432
398,1904-09-01,11.325999999999999
399,1904-10-01,8.745999999999999
400,1904-11-01,6.228000000000001
401,1904-12-01,3.4059999999999997
402,1905-01-01,2.3569999999999998
403,1905-02-01,2.037
404,1905-03-01,4.757
405,1905-04-01,7.802
406,1905-05-01,10.992999999999999
407,1905-06-01,13.134
408,1905-07-01,14.088000000000001
409,1905-08-01,13.583
410,1905-09-01,11.719
411,1905-10-01,8.978
412,1905-11-01,6.164000000000001
413,1905-12-01,3.4539999999999997
414,1906-01-01,2.129
415,1906-02-01,2.434
416,1906-03-01,4.977
417,1906-04-01,8.652999999999999
418,1906-05-01,11.238
419,1906-06-01,13.338
420,1906-07-01,14.126000000000001
421,1906-08-01,13.691
422,1906-09-01,11.719999999999999
423,1906-10-01,9.239999999999998
424,1906-11-01,5.553
425,1906-12-01,3.832
426,1907-01-01,1.888
427,1907-02-01,2.2520000000000002
428,1907-03-01,4.676
429,1907-04-01,7.686999999999999
430,1907-05-01,10.396999999999998
431,1907-06-01,12.729
432,1907-07-01,13.773
433,1907-08-01,13.375
434,1907-09-01,11.658999999999999
435,1907-10-01,9.225999999999999
436,1907-11-01,5.2780000000000005
437,1907-12-01,3.081
438,1908-01-01,2.346
439,1908-02-01,2.9480000000000004
440,1908-03-01,4.255
441,1908-04-01,7.897999999999999
442,1908-05-01,11.149
443,1908-06-01,13.272
444,1908-07-01,14.194
445,1908-08-01,13.404
446,1908-09-01,11.937
447,1908-10-01,8.856
448,1908-11-01,5.28
449,1908-12-01,3.128
450,1909-01-01,1.4209999999999998
451,1909-02-01,2.7600000000000002
452,1909-03-01,4.67
453,1909-04-01,7.6129999999999995
454,1909-05-01,10.626
455,1909-06-01,12.959999999999999
456,1909-07-01,14.062000000000001
457,1909-08-01,13.751
458,1909-09-01,11.867999999999999
459,1909-10-01,9.149999999999999
460,1909-11-01,6.253
461,1909-12-01,3.3089999999999997
462,1910-01-01,2.4699999999999998
463,1910-02-01,2.8850000000000002
464,1910-03-01,4.709
465,1910-04-01,8.149
466,1910-05-01,10.982999999999999
467,1910-06-01,13.1
468,1910-07-01,14.25
469,1910-08-01,13.685
470,1910-09-01,11.707999999999998
471,1910-10-01,8.978
472,1910-11-01,5.34
473,1910-12-01,2.75
474,1911-01-01,1.7049999999999998
475,1911-02-01,2.519
476,1911-03-01,4.449
477,1911-04-01,8.034999999999998
478,1911-05-01,10.801
479,1911-06-01,13.048
480,1911-07-01,14.040000000000001
481,1911-08-01,13.455
482,1911-09-01,11.582999999999998
483,1911-10-01,9.225
484,1911-11-01,5.96
485,1911-12-01,3.4819999999999998
486,1912-01-01,2.441
487,1912-02-01,3.3200000000000003
488,1912-03-01,4.383
489,1912-04-01,8.271999999999998
490,1912-05-01,11.247
491,1912-06-01,13.456
492,1912-07-01,13.719000000000001
493,1912-08-01,13.079
494,1912-09-01,11.172999999999998
495,1912-10-01,8.311
496,1912-11-01,5.554
497,1912-12-01,3.112
498,1913-01-01,2.1189999999999998
499,1913-02-01,2.412
500,1913-03-01,4.563
501,1913-04-01,8.027999999999999
502,1913-05-01,10.721
503,1913-06-01,12.984
504,1913-07-01,14.127
505,1913-08-01,13.695
506,1913-09-01,11.712
507,1913-10-01,9.027
508,1913-11-01,6.058000000000001
509,1913-12-01,4.166
510,1914-01-01,3.423
511,1914-02-01,3.286
512,1914-03-01,4.992
513,1914-04-01,8.095999999999998
514,1914-05-01,11.306
515,1914-06-01,13.481
516,1914-07-01,14.280000000000001
517,1914-08-01,13.704
518,1914-09-01,11.886
519,1914-10-01,9.399999999999999
520,1914-11-01,5.807
521,1914-12-01,3.678
522,1915-01-01,2.3409999999999997
523,1915-02-01,3.326
524,1915-03-01,5.176
525,1915-04-01,8.703
526,1915-05-01,11.450999999999999
527,1915-06-01,13.262
528,1915-07-01,14.358
529,1915-08-01,13.705
530,1915-09-01,11.770999999999999
531,1915-10-01,8.939
532,1915-11-01,6.204000000000001
533,1915-12-01,3.6229999999999998
534,1916-01-01,2.6359999999999997
535,1916-02-01,3.048
536,1916-03-01,4.886
537,1916-04-01,8.068
538,1916-05-01,10.937
539,1916-06-01,12.868
540,1916-07-01,13.999
541,1916-08-01,13.538
542,1916-09-01,11.664
543,1916-10-01,9.0
544,1916-11-01,5.613
545,1916-12-01,2.3949999999999996
546,1917-01-01,2.178
547,1917-02-01,2.3790000000000004
548,1917-03-01,4.477
549,1917-04-01,7.826999999999999
550,1917-05-01,10.395
551,1917-06-01,12.817
552,1917-07-01,14.182
553,1917-08-01,13.424
554,1917-09-01,11.665
555,1917-10-01,8.518999999999998
556,1917-11-01,5.833
557,1917-12-01,2.3289999999999997
558,1918-01-01,1.9709999999999999
559,1918-02-01,2.532
560,1918-03-01,4.878
561,1918-04-01,7.648999999999999
562,1918-05-01,10.465
563,1918-06-01,12.894
564,1918-07-01,13.950000000000001
565,1918-08-01,13.378
566,1918-09-01,11.824
567,1918-10-01,9.386999999999999
568,1918-11-01,5.715
569,1918-12-01,2.88
570,1919-01-01,2.231
571,1919-02-01,2.8840000000000003
572,1919-03-01,4.768
573,1919-04-01,8.472
574,1919-05-01,10.94
575,1919-06-01,13.193999999999999
576,1919-07-01,14.243
577,1919-08-01,13.734
578,1919-09-01,11.908999999999999
579,1919-10-01,9.315
580,1919-11-01,5.5120000000000005
581,1919-12-01,3.2649999999999997
582,1920-01-01,2.9
583,1920-02-01,2.774
584,1920-03-01,5.276
585,1920-04-01,8.315
586,1920-05-01,11.09
587,1920-06-01,13.058
588,1920-07-01,14.205
589,1920-08-01,13.608
590,1920-09-01,11.720999999999998
591,1920-10-01,8.985
592,1920-11-01,5.558
593,1920-12-01,2.679
594,1921-01-01,3.0189999999999997
595,1921-02-01,3.185
596,1921-03-01,5.081
597,1921-04-01,8.322
598,1921-05-01,11.184
599,1921-06-01,13.415
600,1921-07-01,14.376000000000001
601,1921-08-01,13.484
602,1921-09-01,11.808
603,1921-10-01,9.234
604,1921-11-01,5.854
605,1921-12-01,3.707
606,1922-01-01,2.166
607,1922-02-01,2.4000000000000004
608,1922-03-01,5.183
609,1922-04-01,8.396999999999998
610,1922-05-01,11.049999999999999
611,1922-06-01,13.283
612,1922-07-01,14.200000000000001
613,1922-08-01,13.488
614,1922-09-01,11.671999999999999
615,1922-10-01,8.998
616,1922-11-01,6.038
617,1922-12-01,3.702
618,1923-01-01,2.548
619,1923-02-01,2.5820000000000003
620,1923-03-01,4.883
621,1923-04-01,7.760999999999999
622,1923-05-01,10.824
623,1923-06-01,13.203
624,1923-07-01,13.902000000000001
625,1923-08-01,13.525
626,1923-09-01,11.792
627,1923-10-01,9.433
628,1923-11-01,6.354
629,1923-12-01,3.929
630,1924-01-01,2.3419999999999996
631,1924-02-01,2.9170000000000003
632,1924-03-01,5.353
633,1924-04-01,7.953999999999999
634,1924-05-01,11.126999999999999
635,1924-06-01,13.256
636,1924-07-01,14.232000000000001
637,1924-08-01,13.567
638,1924-09-01,11.847999999999999
639,1924-10-01,9.126999999999999
640,1924-11-01,6.377000000000001
641,1924-12-01,3.4979999999999998
642,1925-01-01,2.306
643,1925-02-01,2.6980000000000004
644,1925-03-01,5.074
645,1925-04-01,8.396999999999998
646,1925-05-01,10.969999999999999
647,1925-06-01,13.001999999999999
648,1925-07-01,13.977
649,1925-08-01,13.702
650,1925-09-01,11.885
651,1925-10-01,9.101999999999999
652,1925-11-01,6.321000000000001
653,1925-12-01,4.369
654,1926-01-01,3.463
655,1926-02-01,3.702
656,1926-03-01,5.797
657,1926-04-01,8.181
658,1926-05-01,10.856
659,1926-06-01,13.155999999999999
660,1926-07-01,14.079
661,1926-08-01,13.781
662,1926-09-01,11.982
663,1926-10-01,9.465
664,1926-11-01,6.244000000000001
665,1926-12-01,3.3209999999999997
666,1927-01-01,2.296
667,1927-02-01,2.967
668,1927-03-01,4.623
669,1927-04-01,8.020999999999999
670,1927-05-01,11.077
671,1927-06-01,13.157
672,1927-07-01,14.212
673,1927-08-01,13.605
674,1927-09-01,12.139999999999999
675,1927-10-01,9.803999999999998
676,1927-11-01,6.272
677,1927-12-01,3.1879999999999997
678,1928-01-01,2.956
679,1928-02-01,3.329
680,1928-03-01,4.96
681,1928-04-01,8.19
682,1928-05-01,11.067
683,1928-06-01,12.987
684,1928-07-01,14.201
685,1928-08-01,13.616
686,1928-09-01,11.918
687,1928-10-01,9.373
688,1928-11-01,6.263
689,1928-12-01,3.8249999999999997
690,1929-01-01,1.9789999999999999
691,1929-02-01,2.108
692,1929-03-01,5.059
693,1929-04-01,8.008
694,1929-05-01,10.802
695,1929-06-01,12.808
696,1929-07-01,13.833
697,1929-08-01,13.557
698,1929-09-01,11.713
699,1929-10-01,9.34
700,1929-11-01,6.062
701,1929-12-01,2.482
702,1930-01-01,2.3
703,1930-02-01,3.069
704,1930-03-01,5.475
705,1930-04-01,8.068
706,1930-05-01,10.946
707,1930-06-01,13.225999999999999
708,1930-07-01,14.347000000000001
709,1930-08-01,13.825
710,1930-09-01,11.752999999999998
711,1930-10-01,9.149
712,1930-11-01,6.485
713,1930-12-01,3.746
714,1931-01-01,2.635
715,1931-02-01,2.6670000000000003
716,1931-03-01,5.201
717,1931-04-01,8.072999999999999
718,1931-05-01,10.883
719,1931-06-01,13.451
720,1931-07-01,14.482000000000001
721,1931-08-01,14.015
722,1931-09-01,12.187
723,1931-10-01,9.844
724,1931-11-01,6.172000000000001
725,1931-12-01,3.957
726,1932-01-01,3.5359999999999996
727,1932-02-01,2.93
728,1932-03-01,4.881
729,1932-04-01,8.686
730,1932-05-01,11.133999999999999
731,1932-06-01,13.258
732,1932-07-01,14.285
733,1932-08-01,13.652
734,1932-09-01,12.188999999999998
735,1932-10-01,9.581
736,1932-11-01,5.804
737,1932-12-01,3.4379999999999997
738,1933-01-01,2.089
739,1933-02-01,2.5860000000000003
740,1933-03-01,4.795
741,1933-04-01,8.026
742,1933-05-01,10.943
743,1933-06-01,13.012
744,1933-07-01,14.163
745,1933-08-01,13.703
746,1933-09-01,11.758999999999999
747,1933-10-01,9.139999999999999
748,1933-11-01,5.803
749,1933-12-01,3.067
750,1934-01-01,2.3699999999999997
751,1934-02-01,3.636
752,1934-03-01,4.705
753,1934-04-01,7.903999999999999
754,1934-05-01,11.386999999999999
755,1934-06-01,13.294
756,1934-07-01,14.262
757,1934-08-01,13.675
758,1934-09-01,11.651
759,1934-10-01,9.319999999999999
760,1934-11-01,6.291
761,1934-12-01,3.8899999999999997
762,1935-01-01,2.086
763,1935-02-01,4.034
764,1935-03-01,5.308
765,1935-04-01,7.654999999999999
766,1935-05-01,10.77
767,1935-06-01,13.173
768,1935-07-01,14.22
769,1935-08-01,13.684
770,1935-09-01,11.882
771,1935-10-01,9.380999999999998
772,1935-11-01,5.363
773,1935-12-01,3.342
774,1936-01-01,2.1359999999999997
775,1936-02-01,2.4240000000000004
776,1936-03-01,4.939
777,1936-04-01,8.023
778,1936-05-01,11.131
779,1936-06-01,13.235
780,1936-07-01,14.526
781,1936-08-01,13.756
782,1936-09-01,11.908
783,1936-10-01,9.360999999999999
784,1936-11-01,6.125
785,1936-12-01,3.84
786,1937-01-01,2.3729999999999998
787,1937-02-01,3.4800000000000004
788,1937-03-01,4.786
789,1937-04-01,8.046
790,1937-05-01,11.296999999999999
791,1937-06-01,13.488
792,1937-07-01,14.292
793,1937-08-01,13.919
794,1937-09-01,12.296
795,1937-10-01,9.619
796,1937-11-01,6.268000000000001
797,1937-12-01,3.404
798,1938-01-01,2.819
799,1938-02-01,3.354
800,1938-03-01,5.595
801,1938-04-01,8.822999999999999
802,1938-05-01,11.376
803,1938-06-01,13.206
804,1938-07-01,14.376000000000001
805,1938-08-01,13.888
806,1938-09-01,12.328
807,1938-10-01,9.69
808,1938-11-01,6.463
809,1938-12-01,3.452
810,1939-01-01,2.871
811,1939-02-01,3.1940000000000004
812,1939-03-01,4.878
813,1939-04-01,8.251999999999999
814,1939-05-01,11.427999999999999
815,1939-06-01,13.446
816,1939-07-01,14.329
817,1939-08-01,13.857
818,1939-09-01,11.873
819,1939-10-01,9.146999999999998
820,1939-11-01,6.1080000000000005
821,1939-12-01,4.883
822,1940-01-01,2.254
823,1940-02-01,3.329
824,1940-03-01,5.313
825,1940-04-01,8.629
826,1940-05-01,11.216
827,1940-06-01,13.48
828,1940-07-01,14.528
829,1940-08-01,13.778
830,1940-09-01,12.194999999999999
831,1940-10-01,9.385
832,1940-11-01,6.0040000000000004
833,1940-12-01,4.058
834,1941-01-01,2.663
835,1941-02-01,3.555
836,1941-03-01,5.124
837,1941-04-01,8.45
838,1941-05-01,11.386999999999999
839,1941-06-01,13.525
840,1941-07-01,14.6
841,1941-08-01,13.955
842,1941-09-01,11.734
843,1941-10-01,9.616999999999999
844,1941-11-01,5.869000000000001
845,1941-12-01,3.613
846,1942-01-01,3.025
847,1942-02-01,2.798
848,1942-03-01,5.209
849,1942-04-01,8.337
850,1942-05-01,11.225999999999999
851,1942-06-01,13.467
852,1942-07-01,14.144
853,1942-08-01,13.708
854,1942-09-01,12.059
855,1942-10-01,9.548
856,1942-11-01,6.317
857,1942-12-01,3.858
858,1943-01-01,2.311
859,1943-02-01,3.466
860,1943-03-01,5.045
861,1943-04-01,8.569999999999999
862,1943-05-01,11.378
863,1943-06-01,13.057
864,1943-07-01,14.368
865,1943-08-01,13.709
866,1943-09-01,12.001999999999999
867,1943-10-01,9.822999999999999
868,1943-11-01,6.1690000000000005
869,1943-12-01,4.17
870,1944-01-01,3.449
871,1944-02-01,3.498
872,1944-03-01,5.445
873,1944-04-01,8.341
874,1944-05-01,11.261
875,1944-06-01,13.371
876,1944-07-01,14.384
877,1944-08-01,13.969
878,1944-09-01,12.360999999999999
879,1944-10-01,9.718
880,1944-11-01,6.008
881,1944-12-01,3.384
882,1945-01-01,2.456
883,1945-02-01,2.588
884,1945-03-01,5.11
885,1945-04-01,8.585999999999999
886,1945-05-01,10.99
887,1945-06-01,13.224
888,1945-07-01,14.125
889,1945-08-01,14.219
890,1945-09-01,12.123
891,1945-10-01,9.494
892,1945-11-01,5.995
893,1945-12-01,3.094
894,1946-01-01,2.921
895,1946-02-01,3.395
896,1946-03-01,5.149
897,1946-04-01,8.741999999999999
898,1946-05-01,11.261
899,1946-06-01,13.193999999999999
900,1946-07-01,14.312000000000001
901,1946-08-01,13.745
902,1946-09-01,11.979
903,1946-10-01,9.209
904,1946-11-01,6.175000000000001
905,1946-12-01,3.118
906,1947-01-01,2.548
907,1947-02-01,3.224
908,1947-03-01,5.704
909,1947-04-01,8.595999999999998
910,1947-05-01,11.235
911,1947-06-01,13.334
912,1947-07-01,14.262
913,1947-08-01,13.759
914,1947-09-01,12.084
915,1947-10-01,9.934999999999999
916,1947-11-01,6.357
917,1947-12-01,3.597
918,1948-01-01,3.2939999999999996
919,1948-02-01,3.1430000000000002
920,1948-03-01,4.84
921,1948-04-01,8.399999999999999
922,1948-05-01,11.42
923,1948-06-01,13.549
924,1948-07-01,14.337
925,1948-08-01,13.8
926,1948-09-01,12.056999999999999
927,1948-10-01,9.501999999999999
928,1948-11-01,6.131
929,1948-12-01,3.4459999999999997
930,1949-01-01,3.162
931,1949-02-01,2.685
932,1949-03-01,4.964
933,1949-04-01,8.245
934,1949-05-01,11.2
935,1949-06-01,13.097
936,1949-07-01,14.103
937,1949-08-01,13.736
938,1949-09-01,11.847
939,1949-10-01,9.447
940,1949-11-01,6.07
941,1949-12-01,3.412
942,1950-01-01,1.9419999999999997
943,1950-02-01,2.6590000000000003
944,1950-03-01,5.159
945,1950-04-01,8.024999999999999
946,1950-05-01,11.178999999999998
947,1950-06-01,13.267
948,1950-07-01,14.063
949,1950-08-01,13.385
950,1950-09-01,11.880999999999998
951,1950-10-01,9.09
952,1950-11-01,5.345000000000001
953,1950-12-01,3.503
954,1951-01-01,2.0909999999999997
955,1951-02-01,2.289
956,1951-03-01,5.011
957,1951-04-01,8.286999999999999
958,1951-05-01,11.363999999999999
959,1951-06-01,13.133
960,1951-07-01,14.200000000000001
961,1951-08-01,13.948
962,1951-09-01,12.234
963,1951-10-01,9.606
964,1951-11-01,6.172000000000001
965,1951-12-01,4.27
966,1952-01-01,2.979
967,1952-02-01,3.317
968,1952-03-01,4.875
969,1952-04-01,8.392999999999999
970,1952-05-01,11.238999999999999
971,1952-06-01,13.363
972,1952-07-01,14.473
973,1952-08-01,13.91
974,1952-09-01,12.18
975,1952-10-01,9.08
976,1952-11-01,5.380000000000001
977,1952-12-01,3.626
978,1953-01-01,2.8979999999999997
979,1953-02-01,3.556
980,1953-03-01,5.632
981,1953-04-01,8.796
982,1953-05-01,11.401
983,1953-06-01,13.513
984,1953-07-01,14.301
985,1953-08-01,13.991999999999999
986,1953-09-01,12.126999999999999
987,1953-10-01,9.52
988,1953-11-01,5.867
989,1953-12-01,3.948
990,1954-01-01,1.9829999999999999
991,1954-02-01,3.0100000000000002
992,1954-03-01,5.034
993,1954-04-01,8.097
994,1954-05-01,10.913
995,1954-06-01,13.308
996,1954-07-01,14.156
997,1954-08-01,13.796
998,1954-09-01,12.036
999,1954-10-01,9.504999999999999
1000,1954-11-01,6.557
1001,1954-12-01,3.5349999999999997
1002,1955-01-01,3.347
1003,1955-02-01,3.093
1004,1955-03-01,4.503
1005,1955-04-01,8.026
1006,1955-05-01,11.069999999999999
1007,1955-06-01,13.437
1008,1955-07-01,14.162
1009,1955-08-01,14.219
1010,1955-09-01,11.863999999999999
1011,1955-10-01,9.654
1012,1955-11-01,5.9270000000000005
1013,1955-12-01,3.264
1014,1956-01-01,2.4339999999999997
1015,1956-02-01,2.734
1016,1956-03-01,4.826
1017,1956-04-01,7.831999999999999
1018,1956-05-01,10.594
1019,1956-06-01,13.089
1020,1956-07-01,14.093
1021,1956-08-01,13.126
1022,1956-09-01,11.7
1023,1956-10-01,8.866
1024,1956-11-01,5.7010000000000005
1025,1956-12-01,3.538
1026,1957-01-01,2.395
1027,1957-02-01,3.036
1028,1957-03-01,4.929
1029,1957-04-01,8.17
1030,1957-05-01,11.104999999999999
1031,1957-06-01,13.568
1032,1957-07-01,14.001000000000001
1033,1957-08-01,13.883
1034,1957-09-01,12.129999999999999
1035,1957-10-01,9.33
1036,1957-11-01,6.316000000000001
1037,1957-12-01,4.269
1038,1958-01-01,3.492
1039,1958-02-01,3.6100000000000003
1040,1958-03-01,5.371
1041,1958-04-01,8.437
1042,1958-05-01,11.414
1043,1958-06-01,13.054
1044,1958-07-01,14.315000000000001
1045,1958-08-01,13.497
1046,1958-09-01,11.76
1047,1958-10-01,9.303999999999998
1048,1958-11-01,6.218
1049,1958-12-01,3.779
1050,1959-01-01,2.924
1051,1959-02-01,3.293
1052,1959-03-01,5.811
1053,1959-04-01,8.763
1054,1959-05-01,11.266
1055,1959-06-01,13.495
1056,1959-07-01,14.38
1057,1959-08-01,13.822
1058,1959-09-01,11.879999999999999
1059,1959-10-01,9.104999999999999
1060,1959-11-01,5.7090000000000005
1061,1959-12-01,3.731
1062,1960-01-01,2.6639999999999997
1063,1960-02-01,3.749
1064,1960-03-01,4.215
1065,1960-04-01,8.011999999999999
1066,1960-05-01,10.78
1067,1960-06-01,13.336
1068,1960-07-01,14.109
1069,1960-08-01,13.773
1070,1960-09-01,12.032
1071,1960-10-01,9.415
1072,1960-11-01,5.7780000000000005
1073,1960-12-01,4.221
1074,1961-01-01,2.885
1075,1961-02-01,3.644
1076,1961-03-01,5.482
1077,1961-04-01,8.549999999999999
1078,1961-05-01,11.520999999999999
1079,1961-06-01,13.583
1080,1961-07-01,14.221
1081,1961-08-01,13.805
1082,1961-09-01,12.161
1083,1961-10-01,9.251999999999999
1084,1961-11-01,6.147
1085,1961-12-01,3.4339999999999997
1086,1962-01-01,2.937
1087,1962-02-01,3.6100000000000003
1088,1962-03-01,5.474
1089,1962-04-01,8.456999999999999
1090,1962-05-01,11.03
1091,1962-06-01,13.344
1092,1962-07-01,14.132
1093,1962-08-01,13.644
1094,1962-09-01,11.917
1095,1962-10-01,9.369
1096,1962-11-01,6.199
1097,1962-12-01,3.867
1098,1963-01-01,2.838
1099,1963-02-01,3.9810000000000003
1100,1963-03-01,5.046
1101,1963-04-01,8.097999999999999
1102,1963-05-01,10.956999999999999
1103,1963-06-01,13.298
1104,1963-07-01,14.428
1105,1963-08-01,14.26
1106,1963-09-01,12.494
1107,1963-10-01,9.854
1108,1963-11-01,6.456
1109,1963-12-01,3.678
1110,1964-01-01,2.752
1111,1964-02-01,2.992
1112,1964-03-01,4.7780000000000005
1113,1964-04-01,7.802
1114,1964-05-01,10.827
1115,1964-06-01,13.399
1116,1964-07-01,14.248000000000001
1117,1964-08-01,13.597999999999999
1118,1964-09-01,11.517
1119,1964-10-01,8.725999999999999
1120,1964-11-01,5.902
1121,1964-12-01,3.371
1122,1965-01-01,2.792
1123,1965-02-01,2.9770000000000003
1124,1965-03-01,5.12
1125,1965-04-01,7.9079999999999995
1126,1965-05-01,11.113
1127,1965-06-01,13.218
1128,1965-07-01,13.997
1129,1965-08-01,13.757
1130,1965-09-01,11.640999999999998
1131,1965-10-01,9.44
1132,1965-11-01,5.805000000000001
1133,1965-12-01,3.7199999999999998
1134,1966-01-01,2.421
1135,1966-02-01,3.242
1136,1966-03-01,5.494
1137,1966-04-01,8.098999999999998
1138,1966-05-01,11.132
1139,1966-06-01,13.443999999999999
1140,1966-07-01,14.540000000000001
1141,1966-08-01,13.709999999999999
1142,1966-09-01,12.088999999999999
1143,1966-10-01,9.052999999999999
1144,1966-11-01,5.922000000000001
1145,1966-12-01,3.335
1146,1967-01-01,2.6639999999999997
1147,1967-02-01,2.8920000000000003
1148,1967-03-01,5.388
1149,1967-04-01,8.357999999999999
1150,1967-05-01,11.562999999999999
1151,1967-06-01,13.102
1152,1967-07-01,14.306000000000001
1153,1967-08-01,13.687
1154,1967-09-01,12.024
1155,1967-10-01,9.745
1156,1967-11-01,6.128
1157,1967-12-01,3.8729999999999998
1158,1968-01-01,2.2969999999999997
1159,1968-02-01,3.1870000000000003
1160,1968-03-01,6.082
1161,1968-04-01,8.393999999999998
1162,1968-05-01,10.927999999999999
1163,1968-06-01,13.154
1164,1968-07-01,13.883000000000001
1165,1968-08-01,13.451
1166,1968-09-01,11.514999999999999
1167,1968-10-01,9.394
1168,1968-11-01,5.846
1169,1968-12-01,3.195
1170,1969-01-01,1.9089999999999998
1171,1969-02-01,2.388
1172,1969-03-01,5.011
1173,1969-04-01,8.511
1174,1969-05-01,11.296999999999999
1175,1969-06-01,13.39
1176,1969-07-01,14.15
1177,1969-08-01,13.786999999999999
1178,1969-09-01,11.963
1179,1969-10-01,9.426
1180,1969-11-01,6.37
1181,1969-12-01,4.155
1182,1970-01-01,2.775
1183,1970-02-01,3.729
1184,1970-03-01,5.259
1185,1970-04-01,8.533
1186,1970-05-01,11.142
1187,1970-06-01,13.43
1188,1970-07-01,14.357000000000001
1189,1970-08-01,13.634
1190,1970-09-01,12.234
1191,1970-10-01,9.337
1192,1970-11-01,5.996
1193,1970-12-01,3.451
1194,1971-01-01,2.915
1195,1971-02-01,2.829
1196,1971-03-01,4.978
1197,1971-04-01,8.261999999999999
1198,1971-05-01,11.136999999999999
1199,1971-06-01,13.033
1200,1971-07-01,14.099
1201,1971-08-01,13.849
1202,1971-09-01,12.081
1203,1971-10-01,9.33
1204,1971-11-01,6.251
1205,1971-12-01,3.818
1206,1972-01-01,1.8249999999999997
1207,1972-02-01,2.531
1208,1972-03-01,5.19
1209,1972-04-01,8.277999999999999
1210,1972-05-01,11.094999999999999
1211,1972-06-01,13.413
1212,1972-07-01,14.188
1213,1972-08-01,14.151
1214,1972-09-01,11.869
1215,1972-10-01,9.279
1216,1972-11-01,5.7540000000000004
1217,1972-12-01,3.7439999999999998
1218,1973-01-01,3.002
1219,1973-02-01,3.833
1220,1973-03-01,5.827
1221,1973-04-01,8.914
1222,1973-05-01,11.712
1223,1973-06-01,13.763
1224,1973-07-01,14.407
1225,1973-08-01,13.865
1226,1973-09-01,12.107
1227,1973-10-01,9.565
1228,1973-11-01,6.211
1229,1973-12-01,3.8249999999999997
1230,1974-01-01,2.247
1231,1974-02-01,2.5460000000000003
1232,1974-03-01,5.155
1233,1974-04-01,8.302
1234,1974-05-01,11.122
1235,1974-06-01,13.334
1236,1974-07-01,14.26
1237,1974-08-01,14.003
1238,1974-09-01,11.719999999999999
1239,1974-10-01,9.084
1240,1974-11-01,5.851
1241,1974-12-01,3.514
1242,1975-01-01,3.024
1243,1975-02-01,3.395
1244,1975-03-01,5.696
1245,1975-04-01,8.553999999999998
1246,1975-05-01,11.690999999999999
1247,1975-06-01,13.491999999999999
1248,1975-07-01,14.309000000000001
1249,1975-08-01,13.459
1250,1975-09-01,12.101999999999999
1251,1975-10-01,9.293
1252,1975-11-01,5.886
1253,1975-12-01,3.659
1254,1976-01-01,2.862
1255,1976-02-01,3.0420000000000003
1256,1976-03-01,4.5
1257,1976-04-01,8.239999999999998
1258,1976-05-01,10.879
1259,1976-06-01,13.023
1260,1976-07-01,14.155000000000001
1261,1976-08-01,13.499
1262,1976-09-01,11.872
1263,1976-10-01,8.497
1264,1976-11-01,5.662
1265,1976-12-01,3.678
1266,1977-01-01,2.4909999999999997
1267,1977-02-01,3.492
1268,1977-03-01,5.716
1269,1977-04-01,8.806
1270,1977-05-01,11.729999999999999
1271,1977-06-01,13.844
1272,1977-07-01,14.624
1273,1977-08-01,14.103
1274,1977-09-01,11.857999999999999
1275,1977-10-01,9.158999999999999
1276,1977-11-01,6.5360000000000005
1277,1977-12-01,3.772
1278,1978-01-01,2.7199999999999998
1279,1978-02-01,3.471
1280,1978-03-01,5.611
1281,1978-04-01,8.767
1282,1978-05-01,11.334999999999999
1283,1978-06-01,13.158
1284,1978-07-01,14.341000000000001
1285,1978-08-01,13.285
1286,1978-09-01,12.017999999999999
1287,1978-10-01,9.319999999999999
1288,1978-11-01,6.357
1289,1978-12-01,3.7649999999999997
1290,1979-01-01,2.67
1291,1979-02-01,2.8400000000000003
1292,1979-03-01,5.426
1293,1979-04-01,8.427999999999999
1294,1979-05-01,11.088999999999999
1295,1979-06-01,13.368
1296,1979-07-01,14.046000000000001
1297,1979-08-01,13.825
1298,1979-09-01,12.219
1299,1979-10-01,9.545
1300,1979-11-01,6.275
1301,1979-12-01,4.575
1302,1980-01-01,2.941
1303,1980-02-01,3.6660000000000004
1304,1980-03-01,5.333
1305,1980-04-01,8.872
1306,1980-05-01,11.725999999999999
1307,1980-06-01,13.524
1308,1980-07-01,14.707
1309,1980-08-01,14.166
1310,1980-09-01,12.295
1311,1980-10-01,9.517
1312,1980-11-01,6.6850000000000005
1313,1980-12-01,4.019
1314,1981-01-01,3.8049999999999997
1315,1981-02-01,4.0360000000000005
1316,1981-03-01,6.181
1317,1981-04-01,8.869
1318,1981-05-01,11.471
1319,1981-06-01,13.711
1320,1981-07-01,14.694
1321,1981-08-01,14.523
1322,1981-09-01,12.177999999999999
1323,1981-10-01,9.343
1324,1981-11-01,6.246
1325,1981-12-01,4.537
1326,1982-01-01,2.55
1327,1982-02-01,3.3030000000000004
1328,1982-03-01,4.875
1329,1982-04-01,8.437999999999999
1330,1982-05-01,11.309999999999999
1331,1982-06-01,13.235
1332,1982-07-01,14.523
1333,1982-08-01,13.781
1334,1982-09-01,12.018999999999998
1335,1982-10-01,9.213
1336,1982-11-01,5.986000000000001
1337,1982-12-01,4.359999999999999
1338,1983-01-01,3.4419999999999997
1339,1983-02-01,3.838
1340,1983-03-01,5.667
1341,1983-04-01,8.672999999999998
1342,1983-05-01,11.683
1343,1983-06-01,13.435
1344,1983-07-01,14.375
1345,1983-08-01,14.286999999999999
1346,1983-09-01,12.684
1347,1983-10-01,9.472999999999999
1348,1983-11-01,6.763
1349,1983-12-01,3.86
1350,1984-01-01,2.9349999999999996
1351,1984-02-01,3.087
1352,1984-03-01,5.656
1353,1984-04-01,8.386999999999999
1354,1984-05-01,11.958
1355,1984-06-01,13.318999999999999
1356,1984-07-01,14.386000000000001
1357,1984-08-01,13.919
1358,1984-09-01,12.008
1359,1984-10-01,9.363999999999999
1360,1984-11-01,5.827
1361,1984-12-01,3.169
1362,1985-01-01,3.025
1363,1985-02-01,2.6870000000000003
1364,1985-03-01,5.426
1365,1985-04-01,8.59
1366,1985-05-01,11.395999999999999
1367,1985-06-01,13.556
1368,1985-07-01,13.944
1369,1985-08-01,14.034
1370,1985-09-01,11.922999999999998
1371,1985-10-01,9.343
1372,1985-11-01,5.985
1373,1985-12-01,3.8369999999999997
1374,1986-01-01,3.322
1375,1986-02-01,4.011
1376,1986-03-01,5.789
1377,1986-04-01,8.837
1378,1986-05-01,11.569999999999999
1379,1986-06-01,13.381
1380,1986-07-01,14.267000000000001
1381,1986-08-01,13.967
1382,1986-09-01,11.835999999999999
1383,1986-10-01,9.337
1384,1986-11-01,5.9590000000000005
1385,1986-12-01,3.807
1386,1987-01-01,3.158
1387,1987-02-01,4.165
1388,1987-03-01,5.283
1389,1987-04-01,8.565999999999999
1390,1987-05-01,11.492999999999999
1391,1987-06-01,13.894
1392,1987-07-01,14.857000000000001
1393,1987-08-01,13.901
1394,1987-09-01,12.459999999999999
1395,1987-10-01,9.623
1396,1987-11-01,6.066000000000001
1397,1987-12-01,4.518
1398,1988-01-01,3.4829999999999997
1399,1988-02-01,3.446
1400,1988-03-01,5.925
1401,1988-04-01,8.988999999999999
1402,1988-05-01,11.831999999999999
1403,1988-06-01,14.06
1404,1988-07-01,14.744
1405,1988-08-01,14.524
1406,1988-09-01,12.712
1407,1988-10-01,9.984
1408,1988-11-01,6.308
1409,1988-12-01,4.394
1410,1989-01-01,2.719
1411,1989-02-01,3.6390000000000002
1412,1989-03-01,5.761
1413,1989-04-01,8.689
1414,1989-05-01,11.245
1415,1989-06-01,13.43
1416,1989-07-01,14.603
1417,1989-08-01,14.144
1418,1989-09-01,12.399999999999999
1419,1989-10-01,9.763
1420,1989-11-01,6.206
1421,1989-12-01,4.483
1422,1990-01-01,3.26
1423,1990-02-01,3.702
1424,1990-03-01,6.732
1425,1990-04-01,9.157
1426,1990-05-01,11.815999999999999
1427,1990-06-01,13.862
1428,1990-07-01,14.753
1429,1990-08-01,14.094
1430,1990-09-01,12.209999999999999
1431,1990-10-01,9.85
1432,1990-11-01,6.8950000000000005
1433,1990-12-01,4.428
1434,1991-01-01,3.259
1435,1991-02-01,4.093
1436,1991-03-01,5.566
1437,1991-04-01,9.248999999999999
1438,1991-05-01,11.591
1439,1991-06-01,14.253
1440,1991-07-01,14.974
1441,1991-08-01,14.302999999999999
1442,1991-09-01,12.657
1443,1991-10-01,9.764
1444,1991-11-01,6.438000000000001
1445,1991-12-01,4.108
1446,1992-01-01,3.593
1447,1992-02-01,3.8920000000000003
1448,1992-03-01,5.908
1449,1992-04-01,8.552
1450,1992-05-01,11.517999999999999
1451,1992-06-01,13.558
1452,1992-07-01,14.117
1453,1992-08-01,13.754
1454,1992-09-01,11.633
1455,1992-10-01,9.367999999999999
1456,1992-11-01,5.881
1457,1992-12-01,4.09
1458,1993-01-01,3.277
1459,1993-02-01,3.81
1460,1993-03-01,5.909
1461,1993-04-01,8.665999999999999
1462,1993-05-01,11.447
1463,1993-06-01,13.509
1464,1993-07-01,14.544
1465,1993-08-01,13.821
1466,1993-09-01,11.944999999999999
1467,1993-10-01,9.625
1468,1993-11-01,5.747
1469,1993-12-01,4.072
1470,1994-01-01,3.053
1471,1994-02-01,2.842
1472,1994-03-01,5.735
1473,1994-04-01,9.008
1474,1994-05-01,11.655999999999999
1475,1994-06-01,14.115
1476,1994-07-01,14.659
1477,1994-08-01,13.95
1478,1994-09-01,12.504999999999999
1479,1994-10-01,10.001
1480,1994-11-01,6.816000000000001
1481,1994-12-01,4.125
1482,1995-01-01,3.5749999999999997
1483,1995-02-01,4.684
1484,1995-03-01,5.947
1485,1995-04-01,8.979
1486,1995-05-01,11.552999999999999
1487,1995-06-01,14.11
1488,1995-07-01,15.073
1489,1995-08-01,14.619
1490,1995-09-01,12.562999999999999
1491,1995-10-01,10.091
1492,1995-11-01,6.78
1493,1995-12-01,4.135
1494,1996-01-01,2.896
1495,1996-02-01,3.995
1496,1996-03-01,5.539
1497,1996-04-01,8.661
1498,1996-05-01,11.549
1499,1996-06-01,13.636
1500,1996-07-01,14.803
1501,1996-08-01,14.576
1502,1996-09-01,12.315
1503,1996-10-01,9.504999999999999
1504,1996-11-01,6.531000000000001
1505,1996-12-01,4.338
1506,1997-01-01,3.1679999999999997
1507,1997-02-01,3.7840000000000003
1508,1997-03-01,5.936
1509,1997-04-01,8.838999999999999
1510,1997-05-01,11.549
1511,1997-06-01,14.105
1512,1997-07-01,14.486
1513,1997-08-01,14.209999999999999
1514,1997-09-01,12.648
1515,1997-10-01,10.107
1516,1997-11-01,6.868
1517,1997-12-01,4.447
1518,1998-01-01,3.389
1519,1998-02-01,4.854
1520,1998-03-01,5.989
1521,1998-04-01,9.341
1522,1998-05-01,12.247
1523,1998-06-01,14.501999999999999
1524,1998-07-01,15.302
1525,1998-08-01,14.864
1526,1998-09-01,12.649999999999999
1527,1998-10-01,9.944999999999999
1528,1998-11-01,6.424
1529,1998-12-01,4.717
1530,1999-01-01,3.589
1531,1999-02-01,4.683
1532,1999-03-01,5.513
1533,1999-04-01,8.763
1534,1999-05-01,11.646999999999998
1535,1999-06-01,14.013
1536,1999-07-01,14.804
1537,1999-08-01,14.328
1538,1999-09-01,12.706
1539,1999-10-01,9.974
1540,1999-11-01,6.62
1541,1999-12-01,4.579
1542,2000-01-01,2.969
1543,2000-02-01,4.202
1544,2000-03-01,6.184
1545,2000-04-01,9.527999999999999
1546,2000-05-01,11.838999999999999
1547,2000-06-01,14.020999999999999
1548,2000-07-01,14.817
1549,2000-08-01,14.515
1550,2000-09-01,12.549999999999999
1551,2000-10-01,9.45
1552,2000-11-01,6.284000000000001
1553,2000-12-01,3.881
1554,2001-01-01,3.367
1555,2001-02-01,3.7390000000000003
1556,2001-03-01,6.218
1557,2001-04-01,9.202
1558,2001-05-01,12.241999999999999
1559,2001-06-01,14.057
1560,2001-07-01,15.106
1561,2001-08-01,14.401
1562,2001-09-01,12.706
1563,2001-10-01,9.875
1564,2001-11-01,7.307
1565,2001-12-01,4.52
1566,2002-01-01,4.047
1567,2002-02-01,4.704000000000001
1568,2002-03-01,6.759
1569,2002-04-01,9.187
1570,2002-05-01,12.218
1571,2002-06-01,14.048
1572,2002-07-01,15.31
1573,2002-08-01,14.541
1574,2002-09-01,12.972999999999999
1575,2002-10-01,9.969999999999999
1576,2002-11-01,6.9190000000000005
1577,2002-12-01,4.08
1578,2003-01-01,4.007
1579,2003-02-01,4.109
1580,2003-03-01,6.037
1581,2003-04-01,9.126999999999999
1582,2003-05-01,12.112
1583,2003-06-01,13.978
1584,2003-07-01,14.954
1585,2003-08-01,14.642
1586,2003-09-01,12.879999999999999
1587,2003-10-01,10.386
1588,2003-11-01,6.691000000000001
1589,2003-12-01,5.154999999999999
1590,2004-01-01,3.564
1591,2004-02-01,4.494
1592,2004-03-01,6.322
1593,2004-04-01,9.225
1594,2004-05-01,11.498999999999999
1595,2004-06-01,13.866
1596,2004-07-01,14.259
1597,2004-08-01,14.171
1598,2004-09-01,12.597
1599,2004-10-01,10.157
1600,2004-11-01,7.332000000000001
1601,2004-12-01,4.275
1602,2005-01-01,3.8179999999999996
1603,2005-02-01,3.9400000000000004
1604,2005-03-01,6.54
1605,2005-04-01,9.546
1606,2005-05-01,12.187
1607,2005-06-01,14.436
1608,2005-07-01,15.149000000000001
1609,2005-08-01,14.499
1610,2005-09-01,13.232999999999999
1611,2005-10-01,10.648
1612,2005-11-01,7.439
1613,2005-12-01,4.877
1614,2006-01-01,3.2939999999999996
1615,2006-02-01,4.424
1616,2006-03-01,6.2989999999999995
1617,2006-04-01,9.013
1618,2006-05-01,11.722999999999999
1619,2006-06-01,14.427999999999999
1620,2006-07-01,14.959
1621,2006-08-01,14.884
1622,2006-09-01,12.893999999999998
1623,2006-10-01,10.331999999999999
1624,2006-11-01,6.945
1625,2006-12-01,5.025
1626,2007-01-01,4.606999999999999
1627,2007-02-01,4.238
1628,2007-03-01,6.381
1629,2007-04-01,9.754999999999999
1630,2007-05-01,12.488
1631,2007-06-01,14.318
1632,2007-07-01,15.204
1633,2007-08-01,14.734
1634,2007-09-01,12.947999999999999
1635,2007-10-01,10.325
1636,2007-11-01,7.1000000000000005
1637,2007-12-01,4.541
1638,2008-01-01,2.901
1639,2008-02-01,3.632
1640,2008-03-01,6.872
1641,2008-04-01,9.267
1642,2008-05-01,11.994
1643,2008-06-01,14.111
1644,2008-07-01,15.133000000000001
1645,2008-08-01,14.327
1646,2008-09-01,12.809
1647,2008-10-01,10.456
1648,2008-11-01,7.255000000000001
1649,2008-12-01,4.4239999999999995
1650,2009-01-01,3.713
1651,2009-02-01,4.125
1652,2009-03-01,6.093
1653,2009-04-01,9.299999999999999
1654,2009-05-01,12.122
1655,2009-06-01,14.232
1656,2009-07-01,15.262
1657,2009-08-01,14.687
1658,2009-09-01,13.172999999999998
1659,2009-10-01,10.139
1660,2009-11-01,7.072
1661,2009-12-01,4.33
1662,2010-01-01,3.7239999999999998
1663,2010-02-01,4.396
1664,2010-03-01,6.709
1665,2010-04-01,9.658999999999999
1666,2010-05-01,12.395
1667,2010-06-01,14.361
1668,2010-07-01,15.149000000000001
1669,2010-08-01,14.762
1670,2010-09-01,12.912999999999998
1671,2010-10-01,10.463999999999999
1672,2010-11-01,7.505000000000001
1673,2010-12-01,4.295
1674,2011-01-01,3.323
1675,2011-02-01,3.7310000000000003
1676,2011-03-01,6.078
1677,2011-04-01,9.451999999999998
1678,2011-05-01,11.934999999999999
1679,2011-06-01,14.353
1680,2011-07-01,15.49
1681,2011-08-01,15.067
1682,2011-09-01,12.917
1683,2011-10-01,10.399
1684,2011-11-01,6.817
1685,2011-12-01,4.667
1686,2012-01-01,3.1689999999999996
1687,2012-02-01,3.5970000000000004
1688,2012-03-01,5.989
1689,2012-04-01,9.616999999999999
1690,2012-05-01,12.54
1691,2012-06-01,14.440999999999999
1692,2012-07-01,15.069
1693,2012-08-01,14.696
1694,2012-09-01,12.998999999999999
1695,2012-10-01,10.401
1696,2012-11-01,7.130000000000001
1697,2012-12-01,4.076
1698,2013-01-01,3.721
1699,2013-02-01,4.182
1700,2013-03-01,6.203
1701,2013-04-01,9.002999999999998
1702,2013-05-01,12.155999999999999
1703,2013-06-01,14.522
1704,2013-07-01,14.973
1705,2013-08-01,14.777
1706,2013-09-01,13.168999999999999
1707,2013-10-01,10.258
1708,2013-11-01,7.416
1709,2013-12-01,4.715
1710,2014-01-01,3.768
1711,2014-02-01,3.5060000000000002
1712,2014-03-01,6.3420000000000005
1713,2014-04-01,9.556
1714,2014-05-01,12.491999999999999
1715,2014-06-01,14.261
1716,2014-07-01,14.860000000000001
1717,2014-08-01,14.885
1718,2014-09-01,13.084999999999999
1719,2014-10-01,10.36
1720,2014-11-01,6.747
1721,2014-12-01,4.888
1722,2015-01-01,3.9109999999999996
1723,2015-02-01,4.646
1724,2015-03-01,6.7219999999999995
1725,2015-04-01,9.289
1726,2015-05-01,12.296
1727,2015-06-01,14.478
1728,2015-07-01,15.045
1729,2015-08-01,14.766
1730,2015-09-01,12.972999999999999
1731,2015-10-01,10.777
1732,2015-11-01,7.442
1733,2015-12-01,5.493
1734,2016-01-01,4.233
1735,2016-02-01,5.377000000000001
1736,2016-03-01,7.475
1737,2016-04-01,10.101999999999999
1738,2016-05-01,12.567
1739,2016-06-01,14.323
1740,2016-07-01,15.256
1741,2016-08-01,15.285
1742,2016-09-01,13.178999999999998
1743,2016-10-01,10.248
1744,2016-11-01,7.2010000000000005
1745,2016-12-01,4.936
1746,2017-01-01,4.186
1747,2017-02-01,4.94
1748,2017-03-01,7.134
1749,2017-04-01,9.591999999999999
1750,2017-05-01,12.559
1751,2017-06-01,14.213
1752,2017-07-01,15.304
1753,2017-08-01,14.9
1754,2017-09-01,13.023
1755,2017-10-01,10.540999999999999
1756,2017-11-01,7.1450000000000005
1757,2017-12-01,5.15
1758,2018-01-01,3.776
1759,2018-02-01,4.2940000000000005
1760,2018-03-01,6.668
1761,2018-04-01,9.625
1762,2018-05-01,12.372
1763,2018-06-01,14.434
1764,2018-07-01,15.432
1765,2018-08-01,14.812
1766,2018-09-01,12.902
1767,2018-10-01,10.614999999999998
1768,2018-11-01,6.8950000000000005
1769,2018-12-01,4.888999999999999
1770,2019-01-01,4.015
1771,2019-02-01,4.418
1772,2019-03-01,7.095
1773,2019-04-01,9.818
1774,2019-05-01,12.286999999999999
1775,2019-06-01,14.458
1776,2019-07-01,15.439
1777,2019-08-01,14.919
1778,2019-09-01,13.232
1779,2019-10-01,10.726999999999999
1780,2019-11-01,7.284000000000001
1781,2019-12-01,5.393
1782,2020-01-01,4.619
1783,2020-02-01,5.291
1784,2020-03-01,7.045
1785,2020-04-01,9.963
1786,2020-05-01,12.575
1787,2020-06-01,14.622
1788,2020-07-01,15.46
1789,2020-08-01,14.934
1790,2020-09-01,13.463999999999999
1791,2020-10-01,10.449
1792,2020-11-01,7.763
1793,2020-12-01,4.785
1794,2021-01-01,3.843
1795,2021-02-01,3.9530000000000003
1796,2021-03-01,6.684
1797,2021-04-01,9.418999999999999
1798,2021-05-01,12.346
1799,2021-06-01,14.577
1800,2021-07-01,15.614
1801,2021-08-01,15.026
1802,2021-09-01,13.312
1803,2021-10-01,10.783
1804,2021-11-01,7.386
1805,2021-12-01,4.984
1806,2022-01-01,3.989
1807,2022-02-01,4.3580000000000005
1808,2022-03-01,6.812
1809,2022-04-01,9.665
1810,2022-05-01,12.312999999999999
1811,2022-06-01,14.741999999999999
1812,2022-07-01,15.588000000000001
1813,2022-08-01,15.07
1814,2022-09-01,13.151
1815,2022-10-01,10.811
